{"results": [[0.0, {"__ndarray__": [0.0, 1.0], "dtype": "float64", "shape": [2]}], [1.9999999999999998, {"__ndarray__": [2.0, 3.0, 3.0, 4.0, 10.0, 7.0, 9.0, 7.0, 8.0, 9.0, 10.0], "dtype": "float64", "shape": [11]}], [-373.00000000000017, {"__ndarray__": [2.0, 1.0, 8.0, 9.0, 10.0, 7.0, 6.0, 7.0, 9.0, 10.0, 12.0, 13.0, 15.0, 16.0, 14.0, 15.0, 16.0], "dtype": "float64", "shape": [17]}], [0.0, {"__ndarray__": [0.0, 1.0], "dtype": "float64", "shape": [2]}], [-95.0, {"__ndarray__": [1.0, 2.0, 6.0, 7.0, 6.0, 9.0, 7.0, 7.0, 10.0, 9.0, 13.0, 13.0, 13.0, 13.0], "dtype": "float64", "shape": [14]}], [7.999999999999995, {"__ndarray__": [2.0, 3.0, 6.0, 3.0, 4.0, 9.0, 6.0, 13.0, 11.0, 10.0, 11.0, 12.0, 13.0, 13.0], "dtype": "float64", "shape": [14]}], [199.00000000000034, {"__ndarray__": [1.0, 3.0, 3.0, 3.0, 5.0, 11.0, 6.0, 7.0, 9.0, 9.0, 13.0, 11.0, 14.0, 14.0, 17.0, 16.0, 17.0, 17.0], "dtype": "float64", "shape": [18]}], [225.0000000000002, {"__ndarray__": [0.0, 5.0, 10.0, 5.0, 11.0, 7.0, 10.0, 13.0, 9.0, 12.0, 14.0, 11.0, 16.0, 16.0, 16.0, 15.0, 16.0], "dtype": "float64", "shape": [17]}], [-6.000000000000001, {"__ndarray__": [1.0, 1.0, 5.0, 7.0, 4.0, 5.0, 6.0, 7.0], "dtype": "float64", "shape": [8]}], [-756.0000000000002, {"__ndarray__": [0.0, 1.0, 5.0, 3.0, 4.0, 7.0, 14.0, 12.0, 9.0, 10.0, 10.0, 14.0, 12.0, 15.0, 15.0, 15.0], "dtype": "float64", "shape": [16]}], [379.0, {"__ndarray__": [1.0, 1.0, 3.0, 4.0, 7.0, 7.0, 6.0, 7.0, 14.0, 12.0, 10.0, 14.0, 13.0, 13.0, 15.0, 15.0], "dtype": "float64", "shape": [16]}], [-6.000000000000003, {"__ndarray__": [0.0, 1.0, 2.0, 4.0, 4.0, 10.0, 8.0, 7.0, 8.0, 9.0, 10.0, 11.0], "dtype": "float64", "shape": [12]}], [-4.999999999999998, {"__ndarray__": [2.0, 6.0, 2.0, 3.0, 9.0, 6.0, 6.0, 9.0, 10.0, 9.0, 10.0, 12.0, 12.0], "dtype": "float64", "shape": [13]}], [24.999999999999986, {"__ndarray__": [0.0, 1.0, 3.0, 11.0, 10.0, 9.0, 12.0, 9.0, 12.0, 12.0, 11.0, 11.0, 12.0], "dtype": "float64", "shape": [13]}], [0.0, {"__ndarray__": [2.0, 1.0, 3.0, 3.0], "dtype": "float64", "shape": [4]}], [17.999999999999996, {"__ndarray__": [1.0, 1.0, 3.0, 4.0, 5.0, 5.0, 7.0, 7.0, 8.0, 10.0, 11.0, 11.0, 12.0], "dtype": "float64", "shape": [13]}], [-20.99999999999999, {"__ndarray__": [0.0, 1.0, 4.0, 5.0, 4.0, 5.0, 6.0, 8.0, 9.0, 9.0, 10.0], "dtype": "float64", "shape": [11]}], [-8.000000000000009, {"__ndarray__": [0.0, 3.0, 2.0, 4.0, 10.0, 5.0, 8.0, 7.0, 12.0, 10.0, 12.0, 12.0, 12.0], "dtype": "float64", "shape": [13]}], [-0.9999999999999998, {"__ndarray__": [0.0, 1.0, 2.0, 3.0, 4.0, 5.0, 6.0], "dtype": "float64", "shape": [7]}], [148.00000000000009, {"__ndarray__": [1.0, 2.0, 3.0, 3.0, 8.0, 6.0, 8.0, 10.0, 11.0, 13.0, 16.0, 15.0, 13.0, 13.0, 14.0, 16.0, 16.0], "dtype": "float64", "shape": [17]}], [1.0, {"__ndarray__": [0.0, 1.0, 5.0, 3.0, 4.0, 5.0], "dtype": "float64", "shape": [6]}], [72.99999999999986, {"__ndarray__": [1.0, 4.0, 2.0, 3.0, 5.0, 9.0, 15.0, 9.0, 9.0, 10.0, 14.0, 15.0, 14.0, 14.0, 15.0, 15.0], "dtype": "float64", "shape": [16]}], [27.999999999999986, {"__ndarray__": [0.0, 1.0, 5.0, 4.0, 7.0, 5.0, 9.0, 7.0, 9.0, 10.0, 10.0], "dtype": "float64", "shape": [11]}], [-1.0, {"__ndarray__": [0.0, 1.0, 3.0, 3.0, 5.0, 5.0], "dtype": "float64", "shape": [6]}], [0.9999999999999996, {"__ndarray__": [1.0, 1.0, 3.0, 3.0, 9.0, 9.0, 6.0, 9.0, 8.0, 9.0], "dtype": "float64", "shape": [10]}], [-1.0, {"__ndarray__": [0.0], "dtype": "float64", "shape": [1]}], [149.0, {"__ndarray__": [0.0, 1.0, 8.0, 3.0, 11.0, 14.0, 6.0, 11.0, 12.0, 14.0, 14.0, 14.0, 13.0, 13.0, 14.0, 15.0], "dtype": "float64", "shape": [16]}], [-1.0, {"__ndarray__": [0.0, 1.0, 2.0, 5.0, 4.0, 5.0], "dtype": "float64", "shape": [6]}], [-4.999999999999997, {"__ndarray__": [0.0, 4.0, 2.0, 10.0, 10.0, 8.0, 9.0, 8.0, 12.0, 11.0, 12.0, 12.0, 12.0], "dtype": "float64", "shape": [13]}], [358.9999999999999, {"__ndarray__": [0.0, 1.0, 7.0, 5.0, 8.0, 8.0, 6.0, 13.0, 17.0, 9.0, 11.0, 11.0, 13.0, 17.0, 16.0, 17.0, 17.0, 17.0], "dtype": "float64", "shape": [18]}], [-1.9999999999999998, {"__ndarray__": [3.0, 1.0, 2.0, 3.0, 8.0, 8.0, 9.0, 9.0, 8.0, 9.0], "dtype": "float64", "shape": [10]}], [0.0, {"__ndarray__": [1.0, 4.0, 2.0, 3.0, 4.0, 5.0, 6.0, 7.0, 8.0, 9.0, 10.0], "dtype": "float64", "shape": [11]}], [-2.9999999999999996, {"__ndarray__": [0.0, 1.0, 4.0, 3.0, 10.0, 8.0, 9.0, 12.0, 9.0, 12.0, 11.0, 12.0, 12.0], "dtype": "float64", "shape": [13]}], [-2.0, {"__ndarray__": [1.0, 1.0, 2.0, 5.0, 4.0, 6.0, 6.0, 7.0], "dtype": "float64", "shape": [8]}], [6.869504964868122e-15, {"__ndarray__": [4.0, 4.0, 2.0, 8.0, 9.0, 7.0, 12.0, 13.0, 8.0, 10.0, 11.0, 11.0, 12.0, 13.0], "dtype": "float64", "shape": [14]}], [-1.0, {"__ndarray__": [0.0, 1.0, 2.0, 3.0, 4.0], "dtype": "float64", "shape": [5]}], [14.000000000000009, {"__ndarray__": [2.0, 1.0, 5.0, 4.0, 5.0, 6.0, 11.0, 13.0, 8.0, 13.0, 12.0, 11.0, 13.0, 13.0], "dtype": "float64", "shape": [14]}], [0.0, {"__ndarray__": [0.0, 2.0, 3.0, 4.0, 4.0, 5.0, 6.0], "dtype": "float64", "shape": [7]}], [-1.9999999999999998, {"__ndarray__": [2.0, 2.0, 4.0, 3.0, 5.0, 6.0, 6.0], "dtype": "float64", "shape": [7]}], [0.0, {"__ndarray__": [0.0, 1.0], "dtype": "float64", "shape": [2]}], [0.0, {"__ndarray__": [0.0], "dtype": "float64", "shape": [1]}], [13.000000000000005, {"__ndarray__": [0.0, 4.0, 5.0, 4.0, 5.0, 8.0, 8.0, 7.0, 12.0, 12.0, 10.0, 12.0, 12.0], "dtype": "float64", "shape": [13]}], [-7793.99999999999, {"__ndarray__": [0.0, 2.0, 2.0, 12.0, 7.0, 6.0, 8.0, 10.0, 11.0, 9.0, 17.0, 16.0, 14.0, 13.0, 14.0, 18.0, 18.0, 17.0, 18.0], "dtype": "float64", "shape": [19]}], [-1.0, {"__ndarray__": [0.0, 1.0, 2.0, 3.0, 4.0, 10.0, 9.0, 7.0, 8.0, 9.0, 10.0], "dtype": "float64", "shape": [11]}], [-1.0, {"__ndarray__": [0.0], "dtype": "float64", "shape": [1]}], [0.0, {"__ndarray__": [0.0, 2.0, 2.0], "dtype": "float64", "shape": [3]}], [-19.99999999999999, {"__ndarray__": [1.0, 1.0, 2.0, 4.0, 5.0, 5.0, 8.0, 9.0, 11.0, 9.0, 11.0, 11.0], "dtype": "float64", "shape": [12]}], [0.0, {"__ndarray__": [2.0, 3.0, 3.0, 4.0, 7.0, 7.0, 6.0, 7.0], "dtype": "float64", "shape": [8]}], [0.0, {"__ndarray__": [5.0, 3.0, 4.0, 3.0, 4.0, 6.0, 7.0, 7.0], "dtype": "float64", "shape": [8]}], [1.0, {"__ndarray__": [1.0, 1.0, 2.0], "dtype": "float64", "shape": [3]}], [-8.000000000000009, {"__ndarray__": [0.0, 2.0, 6.0, 5.0, 4.0, 9.0, 11.0, 9.0, 8.0, 9.0, 10.0, 11.0], "dtype": "float64", "shape": [12]}], [-3.999999999999999, {"__ndarray__": [0.0, 2.0, 3.0, 4.0, 7.0, 5.0, 6.0, 7.0, 8.0, 9.0, 10.0], "dtype": "float64", "shape": [11]}], [0.0, {"__ndarray__": [1.0, 3.0, 2.0, 3.0, 4.0, 7.0, 7.0, 7.0, 8.0], "dtype": "float64", "shape": [9]}], [-1.0, {"__ndarray__": [0.0], "dtype": "float64", "shape": [1]}], [0.0, {"__ndarray__": [0.0, 1.0, 3.0, 3.0], "dtype": "float64", "shape": [4]}], [-2.000000000000008, {"__ndarray__": [0.0, 1.0, 2.0, 3.0, 4.0, 5.0, 8.0, 9.0, 13.0, 13.0, 10.0, 13.0, 13.0, 13.0], "dtype": "float64", "shape": [14]}], [0.0, {"__ndarray__": [0.0, 1.0, 2.0, 5.0, 4.0, 8.0, 9.0, 7.0, 8.0, 9.0], "dtype": "float64", "shape": [10]}], [-16.999999999999993, {"__ndarray__": [0.0, 3.0, 3.0, 9.0, 4.0, 11.0, 6.0, 14.0, 13.0, 12.0, 13.0, 12.0, 13.0, 14.0, 14.0], "dtype": "float64", "shape": [15]}], [-510.00000000000074, {"__ndarray__": [0.0, 1.0, 2.0, 5.0, 4.0, 7.0, 14.0, 12.0, 14.0, 13.0, 11.0, 14.0, 13.0, 14.0, 14.0], "dtype": "float64", "shape": [15]}], [-1.0, {"__ndarray__": [2.0, 2.0, 2.0, 3.0], "dtype": "float64", "shape": [4]}], [26.99999999999998, {"__ndarray__": [1.0, 1.0, 4.0, 3.0, 4.0, 5.0, 6.0, 8.0, 8.0, 13.0, 13.0, 12.0, 13.0, 13.0], "dtype": "float64", "shape": [14]}], [0.0, {"__ndarray__": [0.0, 1.0, 3.0, 3.0, 4.0], "dtype": "float64", "shape": [5]}], [0.0, {"__ndarray__": [0.0, 1.0], "dtype": "float64", "shape": [2]}], [-95.99999999999999, {"__ndarray__": [2.0, 2.0, 7.0, 3.0, 8.0, 13.0, 9.0, 10.0, 14.0, 14.0, 11.0, 11.0, 13.0, 13.0, 14.0], "dtype": "float64", "shape": [15]}], [108.00000000000011, {"__ndarray__": [0.0, 1.0, 2.0, 4.0, 4.0, 5.0, 7.0, 13.0, 8.0, 14.0, 16.0, 14.0, 12.0, 15.0, 14.0, 16.0, 16.0],